"short_id","lon","lat","description"
"471773","35.554732","32.748552","had oral sex with a classmate hear while traveling around Israel with my American Jewish school, took me three years after that incident to realize that maybe I liked guys"
"478157","34.413438","31.413793","free palestine  - from france"
"693608","35.176835","31.894268","You held my hand, cooked me fresh pasta and kissed my neck. We discussed languages, religion, politics, culture, history and music. You understood the world, you understood me. In case I wasn’t clear in expressing how appreciative I was- I wanted you to know that you were the healthiest relationship I’ve ever been in. You gave me hope for what queer Palestine could look like. I hate that israeli checkpoints made us live in different cities and drift apart. I wish you all the good in the world, you deserve it."
"407266","34.835114","32.031018","we are palestinian refugees , some of us are queer. somewhere here a Palestinian village called Kafr 'Ana used to exist. i visited it yesterday and i wanted to document it on this website to remind my fellow queer family around the world that israel is a settler colony. i finally went to visit the place i hesitated for a very long time. non of my family members wanted to come , they told me they cant bare the pain standing on a place that was once a village. on my way to Kafr 'Ana i let the driver stop next to a house with oranges & a big israeli flag. i picked up some oranges as fast as I could before the owner of the house sees me. ' Its okay to do so , you're in your land ' said the driver. After we arrived to  Kafr 'Ana, i did something special , i picked up a bag and collected sand to my dad. he will definitely be happy. after that i went and touched the Mediterranean sea , the sea that was the biggest witness to our catastrophe."
"398241","34.745991","32.077546","Queer people should never allow themselves to be co-opted into supporting settler colonialism, ethnic cleansing and apartheid for the sake of a pride parade and few gay clubs. From the river to the sea Palestine will be free."
"326220","34.739428","32.062916","my first time visiting the city my grandparents were expelled from was emotional for me as a queer Palestinian, I couldn't hold my tears. Having to face queer westerns telling me they had fun visiting the city I am from, the city i am supposed to live and grow in, posting pictures on Instagram in a place where my people  were ethnically cleansed from. Even though I hold the Belgium citizenship since I was 23 , I never had the courage to go there because I couldn't accept the fact that people that don't deserve to be there are living in peace , the fact that I can only enter my land using a foreign passport. I am sure one day I will return and will be able to live in Jafa, a place where I feel I belong to. We will return , we shall return"
"292382","34.96337","32.757919","I am Palestinian queer. I don't live in my homeland but one day I hope to go back to Haifa, to Jerusalem and to jabal elnarr to see my tetas house and the open garden and all her mothers plants. sometimes I believe I am a mistake. that my sexuality is a mistake. but I remember that no matter my religion allah will love me because I am his creation. I am here for a reason and I should stay. and even tho queerness has brought me more pain than love I hope one day I can meet a girl who loves me for me and treats me well and we can live a beautiful life in my tetas house in Haifa. I don't know what I'm doing with my life but I do hope the path I'm on is the correct one. Palestine will be free one day and I will find the key to my property."
"404854","34.88502","31.656898","Dear readers, this land is called palestine❤️"
"405089","34.766827","32.080089","The Pride parade was held on ethnically cleansed Palestinian villages"
"395928","35.290384","32.433808","I hate this fucking unfair life because if my rights aren’t debatable as a Palestinian in the Arab world it’s debatable as a queer and if my rights aren’t debatable as a queer in the west it’s debatable as a Palestinian."
"395406","34.761537","32.066926","I don’t know how to feel as a Lgbt palestinian when the biggest pride event took place on the ruins of my village"
"393932","35.159138","32.840559","This land is called Palestine"
"350234","34.898243","31.534814","I am a queer palestinian refugee born in Lebanon. I wish I can go to Palestine"
"333077","34.758109","32.048427","My sitti died without ever seeing this city again. In 1948 she was sent into exile from her homeland, from Jaffa ""the bride of the sea"". Before she died, she told me about a woman she once loved here. After the Nakba, she never saw her again. She never even found out if she survived. She told me she still thinks about her. I still mourn the life my grandmother might have been able to live here, in this city, in her homeland. I still mourn the love she shared with this woman, only to be torn apart by 60 years of exile. This land was her birthright. This life was her birthright. They were stolen from her. This place will be liberated. I will return one day to a liberated Palestine. For her."
"388333","34.948522","31.718618","Reminder that israel is a settler colonial state that is built on the ethnic cleansing of the Palestinians. There are over 7 million stateless Palestinian refugees that are scattered around the world and can’t return to their original cities.  Stop the on going nakba. Right of the return NOW."
"330765","35.244719","31.769021","Our Queer Palestinians voices is higher than the brutality of the occupation and higher than the oppression that our society puts upon us, The voices of freedom will win and Palestine will be free and so we will be.🇵🇸"
"326615","34.761683","32.062041","I’m a queer palestinian. I originally come from here, where Eurovision was held in 2019,  located on top of the remains of of al-Manshiyya, the village my grandparents were ethnically cleansed from. The village was erased from existence during the nakba in 1948"
"323861","35.205144","31.705728","i met a friend here whose been on estrogen for 5 years. Has been going to the clinic and getting it for birth control for his sister. He’s one of the only medically transitioning ppl (the only that he knows of). He doesn’t identify as trans because he can’t. i love him as my sibling. love from israel free palestine"
"268001","35.203891","31.704074","I have never seen my city, I want to go home and meet my family, but I can't.
The occupation affects 100% of Palestinians, not just the straight cis ones, remember that."
"325744","35.196138","31.795402","Palestinian queer & refugee  here , I originally come from this village, Lifta that was ethnically cleansed by zionists in the 1948"
"275051","35.213604","31.732871","Being out doesn't mean anything to me. I wish to see Haifa I wish to see the village my parents had to leave I wish to see my brother who got killed I wish to be free but my freedom is beyond being out it's being Palestinian first and foremost. God have mercy on my brother and my palestinian siblings."
"210619","35.23418","31.776749","I dream of a time when Palestine is liberated and I can finally set foot in a place where my culture is not used as an excuse to oppress and enslave. Then and only then will I put my forehead to the Western Wall and cry a thousand tears for the members of my family who could not do the same"
"182986","35.259583","32.444885","Free Palestine - end pink washing! no genocide in our name!"
"152357","35.143751","32.526494","my Palestinian brother found out i was gay and told his twin brother and surprisingly they were accepted and one of them was bisexual. also Free Palestine and don NOT forget that Israel is a colonial state that also persecutes queer Palestinians as well as every Palestinian. stop the Pinkwashing."
"135937","35.135429","31.850353","I existed all over here. Was subjected to checkpoints and segregation here. I yearn to return here. A queer Palestinian. Free Palestine and f*ck pinkwashing."
"138607","34.790538","32.052935","palestinian moroccan femme frecha grew up here. 
to my younger self & my current self: you are worthy of love, freedom, the sea, delicious food, amazing sex, flowers, your ancestors' guidance and blessings.
you will spend so many years wishing you could come home, but eventually you'll realize that home was in your heart the whole time.
never compromise on any part of who you are.
tel aviv is palestine
and she will be free."
"151093","35.290183","32.461795","the hometown that i, a queer palestinian, will return to one day<3"
"408437","34.850511","32.332288","70+ years ago my grandfather was pushed out by force by Eastern European settlers and was forced to go to Egypt, one year ago my sister and I had the opportunity to be in the Um Khaled City, palestine. Which is the original name of the land. It was renamed Netanya after the Nakba. At that time my sister didn’t know she was pregnant weeks later she knew, she told me she was happy that part of this baby’s couple weeks was exercising our right to return and I truly think the baby (he)  is lucky"
"691797","34.442865","31.524358","The place where you died, even though we were only penpals, I love you to my core, 5 years of the best friendship. Ahmad died of the airstrike, you died of heartbreak. Khalid, I love you, I loved the way you came out to me, how I came out to you, how you introduced Ahmad as your boyfriend, I wanted to share your hurts with me, but we're seas apart, I'll free Palestine just for your eyes. I hope you rest well in heaven, kiss Ahmad all you want, and be very happy, in this life or another I'll follow you, and we can unite, I love you to Icarus and beyond 💗"
"519863","34.805086","31.971818","A gay trans dude happened to be born here. My family left the country when I was a toddler. We came back for a visit in 2014, when I was a teen, arriving a few days before the Gaza War started. I remember hearing sirens, going into bomb shelters, and nothing happening to me or anyone else. Looking down at my phone and see crowds in Gaza standing next to bombed buildings, people hurt and killed. Later, I saw a tank on the highway - just a tiny taste of something I couldn't begin to imagine. Hoping Palestine can be free and united soon."
"513772","35.21849","32.837579","Where us two Palestinian gay men got chased by wild boars 🐗 while doing the deed at 1 AM. Running, our pants down, laughing out loud in the middle of the olive groves and woods."
"509356","34.989973","32.787004","i am trans, and i am Palestinian. i will not chose between my country and my queerness and i will not let colonisers erase one half of me so the other can be free. allah’s love is for all"
"497442","35.319465","32.179668","around here would be where i live if palestine hadent been taken under colonization. i am a teenage bigender, bi aromantic palestinian-syrian person. i always miss my homeland even when ive never even been there. free palestine until its backwards. i live in amman and i go to school in khalda. i love you maya, youre my best friend even though i know you dont love me back </3."
"118563","34.79184","32.074045","first kissed a girl here. we sat in front of each other for 20 minutes instead of just getting on with it. one of the best days of my life."
"637002","35.196884","31.795932","First date here....I still miss you"
"494683","35.176139","31.91848","i love you more than you can imagine"
"128298","34.885261","32.150587","I am still freaking in love with you.
I realized it too late, and our friendship was broken because of me. I wanted to die, but not because of you. Because another friend i was in love with and never told her and she broke up with me before everything went to shit. I miss our friendship so much. I wish i wasn't an idiot or deepressed. 
I wish you would have read it, but you never will Xx"
"128297","35.220648","31.764613","She was the first women i ever dated as bi- right before i became 20
It has been two years and although nothing came out if it - not even a kiss
She was so kind to me, even when we broke up.
I wish i will find my next date, hopfully girlfriend, in the next few years."
"507559","35.226359","31.856729","عندنا خوف من المستقبل بس الاشي الوحيد الي بنفكر فيه انه بدنا نكون سوا
كتير بحبها"
"514075","35.202731","31.705383","Jesus is pretty gay🏳️‍🌈"
"515377","34.831072","32.134269","I go to school here, had my first two (so far) real crushes here, I hope to get my first gf soon. I was also for the first time was told that someone (happens to be the first girl I had had a crush on) that she liked me too. (Was after our crushes ended so we didn’t date) 
2023 (if I get a gf during my time in school maybe I’ll update lol)"
"423997","34.766141","32.053045","free palestine 🇵🇸"
"637081","35.099368","31.658525","ah, here it was. the place that i fell in love with an older woman… we were both really orthodox and i never thought it would happen, but at the beginning of covid, as we were locked down in our little campus, she shared her feelings for me too. we spent the next few months together and she opened in me something new… she was the first woman i had sex with and she was the first woman to truly break my heart… she left swiftly and we never even said goodbye, and i haven’t seen her since…. CE if you see this though i don’t think you would… you know who i am"
"637083","35.181596","31.752865","i did my gap year here at SFW… i was so in love with this girl but we never shared our feelings… i just knew. she even flew me to the states because i needed to see a doctor! she literally flew for a weekend just for me… i told a teacher i was gay and she told me that i would just need to meet the right man who is eventually learn to love…ֶhahah not the vibe"
"571013","34.773181","31.990907","realized how much your eyes shine when you were out of your military uniform.
absolutely wrecked you at bowling."
"591044","34.855407","31.835944","I hope Palestine will be free in the future. We support you from Ukraine 
love you gays all over the world"
"600479","34.793463","32.115186","i was here for a queer exchange that i didnt know would absolutely change my life. thank you"
"611745","34.821727","31.897389","around this place 3 years ago I came to terms with my sexuality. After growing up in a religious household I understood why I am the way I am."
"143508","35.448762","31.942052","free palestine!!!"
"124771","34.940548","32.216866","I came out to my parents."
"632594","34.935915","32.517097","Here i came out to my family as the wrong thing. 
Im not genderfluid apparently. Just trans. (:"
"632591","34.888958","32.438622","I thought you were cool the second you stepped your foot in that class. I don't know what was it about you but, i couldn't get my eyes off you. When the teacher called your name and you raised your hand she seemed a bit confused... For the suprise of the whole class she opened her mouth and in a quite odd tone she said, ""but you aren't a girl?"". You hurried to add ""well, you see, im trans"". 
That's the first time I've met a real life trans person. In that moment, it clicked. After two long excruciating years, i came out to my first person ever as trans. It was you. In the exact spot you came out to me and too many more people (as you told me years later).
Thank you. Im free now."
"633654","34.997748","31.89849","Had my first kiss here, we haven't talked since then, but that kiss made me realize so many things about myself.

Hope he is doing ok"
"635495","35.186566","31.965131","Thinking back on my time here from years ago aches my heart but also leaves me with a bittersweet feeling. It's the feeling I get when I remember all of the struggles I faced and how I overcame the worst of it and got myself back up. Kind of f*cked up how I miss all of it despite being in a better place now. Wonder why.."
"635501","35.179097","31.94904","Walking home in the middle of the night. Street lights are out. Air is foggy. Breeze is cold. Butterflies in my stomach. It's a long walk and there's a lot to think about."
"637026","35.217268","31.808668","Many girls in one place, I know I'm not the only one"
"637075","35.211249","31.783305","it is here in my home, that i am finally learning to accept that i am a lesbian, after 10 years of knowing and hiding my identity around people who would judge me, i am finally ready to come out to my family, and to meet my wife 🤍"
"637400","34.731051","31.818845","Came out to many girls and some sem staff. I realized here that I can be frum and queer 💕"
"637402","35.122359","31.65736","The first time I heard a Rabbi publicly acknowledge that gay people aren't inherently evil and I cried. I cried alot this year. Many happy tears. Many tears of shame and regret as well. But for the first time I felt like I had a future in the Jewish community."
"637541","35.218101","31.764277","We sat here one morning and we discussed our future, what type of mums we would be, how we will run our household, what values would we emphasise, that was one of our last days together and I will always cherish it"
"637538","35.220788","31.744143","Where I met my long-term girlfriend and I stayed in the closet for her, we shared a passionate love that barely saw itself outside of those walls but we liked being in our bubble we really did love each other. I think everyone knew but we wanted to believe that they didn't"
"2037","34.774475","32.075593","My first and best pride parade, made out with a girl in public for the first time and it was g o r g e o u s"
"2641","34.720402","31.045231","i had a really great night with you and it was the first time i got really excited about a girl in a long time"
"2644","34.720573","31.034991","This is where I accepted my transness and came out to 20 people I was close with all at once"
"2658","34.785665","31.983627","While living  away with friends this is where I started walking around publicly as trans, although I didn't understand people comments because my hebrew was terrible at the time, it just made it easier to ignore and become more confident"
"2716","34.770441","31.250158","First gay sex, it was awsome. "
"31215","34.915438","32.17058","Wore my first Tie"
"4702","34.969482","32.787275","We sat in a park and spoke for ages, i felt so connected to you like you understood me in a way most people don't. i had the biggest crush on you. maybe one day we'll sit and talk again. i'd like that."
"5333","35.296717","32.612822","קבוצת קוייר הנוער העובד והלומד היה במרכז הנוער כאן. עד עכשיו יש סניף של הנוער העובד והלומד שממש בעד תרבות קויירי!"
"6024","34.772716","32.072793","At my first IGY seminar, I felt so fully enveloped by queer love that I knew I would be okay. I found my new family."
"6026","34.776685","32.068447","My first kiss with another girl. In the middle of the street, with people walking by. I was so nervous. I didn't know what to expect."
"30668","34.767471","32.080567","in the 2017 tel aviv pride, my first pride ever, i felt for once like i fit in. these were my people. i felt like nobody cared about my sexuality or gender - i felt like i was loved by 100k strangers."
"30799","34.808841","32.080332","You were the first woman I slept with... I don't know if I told you that. I wish you had been more careful with my trust."
"33888","34.658258","31.784078","lost my virginity here at the ripe old age of 23. got so out of breath i thought i was going to pass out. she made me dinner afterwards. we're not together anymore but i have no regrets."
"7319","35.221058","31.782074","We crowd in all of us/
the ingathering of exiles/
Stomping the ground of this/
tiny space of wholeness/
we have carved ourselves/
with carresses, and kisses set to blaring synths/

In this city/ 
joy is light/ 
caught in the cave-like walls/ 
of a carved-out gay bar.

Forever my gay bar. Sharing a piece of joy with 15 lifelong friends and friends for the night."
"34102","34.776253","32.06319","Pretty sure I fell in love a little for the first time drinking leftover beer in the rain on the roof of the hostel."
"30859","34.862065","32.18708","I came out to my parents through a letter the day after my 18th birthday and then slept at friends' houses for a week because I was terrified. When I went back and my dad made a lighthearted pun about my orientation I almost cried with relief."
"33369","35.221682","31.774265","My first date with my first girlfriend was in a hidden park here. It was sweet and special and I'll always look back on it fondly."
"143627","34.895518","31.145654","free palestine"
"9748","35.085096","31.302975","Came out to my friend while hiking and camping here on a gap year. I was excited and terrified and almost tripped over some rocks."
"9781","35.0354","31.924193","FREE PALESTINE"
"9782","34.76983","32.09071","I kissed a soldier here."
"35336","34.809301","31.887636","My first hookup"
"31210","34.915699","32.170378","Wore my first tie"
"31212","34.914638","32.170196","Came out to my friends"
"33760","34.802648","32.113475","Came out as bi for the first time in public to a good friend. Talked with a whole hour and it was really liberating"
"12356","34.885712","31.284419","Someone on my youth trip told me I was the first bi person she ever met. Thats when I knew I didn't belong on this trip."
"11606","34.773027","32.086374","I gave my first rimjob here. After that I fall for this guy."
"14438","35.207748","31.90321","“Transparent” helped me to understand myself"
"14509","34.874725","32.002253","I was forced to come out to aggressive border control agents here. They denied my sexuality and were overtly homophobic. As a queer Arab woman, they saw me as a threat. The idea of Tel Aviv being a haven for LGBT+ people in the Middle East is a myth. I found greater acceptance in Palestine. Long live Palestine!"
"14644","34.769213","32.091437","Here in the waves of Hilton Beach, my friend and I met an extraordinary man who became a very close friend who enriched our lives and broadened our horizons of sexual experiences."
"14659","35.792084","31.718822","November 2016. As the devastating US election results rolled in, we had strap-on sex for the first time. It felt like resistance."
"14257","35.169296","31.752109","here, we kissed for the first time, and it was the best and sexiest kiss of my life. i hated this city, but when we left the bar hand-in-hand, i thought: here i am, with a perfect woman in the holy city of G-d and the people and the night is beautiful."
"15375","35.01442","31.891582","my brother took his own life here february 8, 2018. i will never know what he truly felt but he came out as gay in the note he left. i miss him more than words can explain.<3 יהודה, אני אוהב אותך"
"15980","35.214915","31.961629","I'm not sure why but I sometimes think of that night we stayed up talking"
"16075","34.852753","32.326016","The silliest New Years Eve, nothing like we wanted it to be, but I think I fell in love with everyone a little bit that night"
"16105","34.749455","32.051586","After a beautiful dinner, we stood together looking out to sea and he touched my hand. In that perfect, simple gesture, I knew what we had was special."
"16334","35.192353","31.761314","For a year, I lived here in silence and thought I could ignore this part of myself. I thought I could silence it. I was wrong. It was a great experience otherwise though"
"16357","35.191709","31.754924","I wanted to sit next to you on the bus and listen to music together. We were friends, then you cut me off. Still think about you. Hope you're doing okay"
"16360","35.210463","31.786406","I wanted to go to a gay bar. Instead I went to a bar with you and we did araq shots. Afterwards, I came out to you when explaining why I couldn't move here. I trusted you and barely knew you. Hope you're happy you stayed"
"16375","34.71817","31.824482","Came out to and made my first gay friend here! Love her a lot :)"
"16397","34.731957","31.818702","Came out to my first gay friend here.  Love her a lot!"
"17700","35.211472","31.779637","We hooked up in your parent's house. I haven't been able to replicate the silence during sex again. Fear helps."
"18229","35.198274","31.773321","I came out as bi for the first time here. It felt so liberating."
"18922","34.813738","31.905999","I told her I loved her"
"19588","34.729137","31.81565","came out to a friends and a rabbi here."
"19589","34.727163","31.816481","spent a lot of time telling a girl i loved her 
wish i could go back to then"
"19870","35.204712","31.758888","We came out to each other here and started an LGBT underground on the other side of the world."
"19876","35.223786","31.770211","I watched an older ultra-orthodox woman accidently stumble into a Lesbian Bar and order 2 drinks before realizing where she was.  She realized, shrugged pulled the bartender into a kiss, said ""Who am I to judge?"", and left the bar."
"28584","35.388717","31.443487","I danced shirtless in a waterfall. It was the first time I've felt comfortable being shirtless in public since having top surgery over two years ago."
"20639","34.772376","32.065298","The founding forefathers of pinkwashing"
"22997","35.224453","31.87151","You were so terrible to me here. No one should ever have treated me this way. Especially a woman I loved so deeply. I don't think I can ever forgive you."
"24311","34.712678","31.240855","Here I realized for the first time I might not be straight. We were doing a school play, and all of a sudden realized I am really interested in looking more at you, while we were in our underwear, changing."
"24310","34.781924","31.245282","My first sex ever, at age 19. It was only oral, but we were both scared and uncertain. It was quick, and annonymous, I don't even know your name and will never recognize if I saw you now, 10 years later."
"32170","34.795172","31.267855","a girl kissed me for the first time"
"26081","34.806605","32.114577","A BIG gay crush happened here"
"26668","35.213259","31.773204","had sex on a roof in the rain on my birthday"
"27352","34.805881","31.901369","curly brown dyed blonde, your hair was so beautiful"
"30651","34.789215","31.976018","realized i'm trans."
"34307","35.295928","32.609369","קומונה גאה של תנועת תרבות 
נמצאת פה. אל תהססו לגשת"
"35351","35.209727","31.782522","Spent new years' eve watching a drag show with a gorgeous femme woman who bought me shots of Araq for the first time and introduced me to her friends."
"36042","35.232344","31.79874","hey nat I love you"
"36285","34.648245","32.059726","GUESS WHO'S GAAAYYYYYYYYY AS FUCK"
"36771","35.210783","31.786084","Had some wonderful sex with women here. The admiration of a blonde and experienced women made me live."
"36773","35.210783","31.786084","Had some wonderful sex with women here. The admiration of a blonde and experienced women made me live."
"36775","35.221096","31.78181","Long live the Bastet!"
"36842","34.80311","32.115702","Came out as bi to a friend, sat on the grass for a whole hour and talked,"
"36865","35.176489","31.751339","I met my first real-life queer friends here, had my first girlfriend, got dumped by my first girlfriend, sat discussing and explaining queer theory with/to younger classmen. I saw so many queer people thriving at this school. maybe it wasn't perfect (in fact I have many bad memories from here), but there are so few places I would've felt comfortable coming out at so early in life."
"36872","34.999997","31.915663","I told the guy the guy who told me about bisexuality that I thought I might be bi. despite being totally accepting of his bi sister, he said he thought I was confused."
"36874","35.240833","31.797166","my mother finally started accepting my sexuality after she drove me to visit her gynecologist"
"39024","35.040689","32.77308","You kissed me on the bus. I'd just put on some lip balm, maybe I wanted to give you a sign. It was quick and you got off right after, but I still can't stop thinking about you. Kiss me again."
"39513","34.783519","32.070383","I came out for the first time. Also confessed my feelings to the guy who later became my boyfriend for about a year. We sang duets from musicals and read each other poetry. We were nerds."
"39536","35.215276","31.780352","You came to drink tea in these Turkish tea glasses. At first, I didn't think anything is too special, just regular sex with a tourist. But we felt things for the next days until you had to return to your boyfriend. I hope you're just fine, I wish possibilities were different."
"39908","35.219611","31.781922","Met some queer Israeli activists here. They really inspired me."
"30670","34.767471","32.080567","in the 2017 tel aviv pride, my first pride ever, i felt for once like i fit in. these were my people. i felt like nobody cared about my sexuality or gender - i felt like i was loved by 100k strangers."
"33370","34.825254","31.897892","This is where I realized, without a doubt, that I'm bi. Shout-out to the cute delivery girl who I stammered at with hearts in my eyes."
"42605","35.23436","31.776682","i visited at the western wall with my friends for the first time since coming out as transmasc. I was terrified they would throw me out if they realized i was born female. my heart was ready to burst when i followed my friend onto the men's side. when i finally reached the wall without incident i touched it and thanked God for letting me be who i truly was."
"42625","35.449431","31.617094","you told me not to lick the salt crystals so i ate an entire one just to prove to you that my queer ass could do anything i put my mind to"
"42619","35.583581","32.726487","we swam in the sea and watched the conversions and joked how they would never accept a bunch of queers like us. but that was okay, because we had our own loving community who didn't care if we believed or not"
"45427","34.774357","31.615781","I moved here a few months ago with my queerplatonic, the man who I love platonicly and openly and is also my spouse. Our families are tough on us but we will make it better. For the first time in my life, I feel good about myself and my life. love you hunny <3"
"45584","35.049137","32.764644","You were my first time with a guy, and even though I didn’t love every moment, you were very caring and sweet and I felt really safe."
"48537","35.268843","31.912365","I am so lost."
"196538","34.854865","32.055593","Hi to anyone who might see this. I just wanna say that it gets better. It really does.
I came out as transmasc 3 years ago and am now living as a guy, i have tons of friends who love me, my family accepts me, i have a nice job and I'm happy.
I thought about k***ing myself for years before i came out, now i can't imagine it.
Be you, it'll be fine."
"197054","34.962073","32.051129","free palestine we love the gay palestinians"
"143927","34.338107","31.407852","Free Palestine!"
"56925","35.106135","31.528967","Had a couple of sweet crushes on lovely humans here. Helped keep me grounded."
"57953","34.831913","32.133112","aro-ace. went to scool here & had a lot of friends like me. we all knew who we are from a very young age. because of this environment i wasn't in the closet for even a day. didn't have to."
"58698","35.209863","31.776558","Saw a pride flag in Israel for the first time"
"60955","35.204154","31.897232","Danced in the street with her."
"63362","35.172122","31.761709","Shortest day of the year, when it rains and everything is blurry with fog."
"63897","35.032646","32.115512","First time I came out to anyone face-to-face was on the picnic bench outside of the farthest building. She came out to me right after. You'll get through yeshiva or ulpena, and you're not alone."
"64883","34.803363","32.089543","as soon as i stepped out of class i saw u waiting for me and i wanted to kiss u but never told you about it and buried the gay away"
"65025","35.02207","32.454853","Every year there is a seminar here for the LGBTQ student's association here. I've never felt so at peace."
"65023","34.799085","31.24986","My first pride parade ever. Among the crowd, I finally felt like I belonged."
"33513","34.802364","32.113676","Came out as bi for the first time in public to another bi friend. It was so liberating. We sat on the grass on talked for a hour."
"65721","35.070163","32.810622","came out to my mom in the car"
"65772","34.602169","31.678627","Had my first crush on a girl. I kept trying to find reasons to hold her hand, but she always beat me to it. One time on a bus she fell asleep with her arm around my waist and her head on my shoulder. We confeesed to each other but in the end nothing came out of it and we drifted apart. I wish I knew how to love when I was 16 years old. I still feel sorry."
"69034","34.982592","32.811906","my first pride parade"
"66823","34.782465","32.018444","It was somewhere around here - my first IGY experience. Met one of my best friends there, and it really helped me come out of the closet in my personal life, too."
"66824","34.770416","32.014735","I fell in love with my best (same sex) friend here. It was the worst heartbreak of my life."
"66826","34.772887","32.072538","We kissed here for the first time. It was so corny."
"66828","34.772233","32.072992","We were making out at the pride parade and nearly had sex right on that bench"
"66829","34.772775","32.072592","Sex in the bathroom. Pretty sure half of the lgbt youth in tel aviv did it in that very stall"
"68551","34.831","32.133882","There are a lot of LGBTQ+ people here in HaKfar HaYarok, including me. There's a reason it says ”Here I loved my first love” in the lyrics of HaKfars hymn."
"68926","35.228719","31.751652","I fell in love with you. You were my roommate. I miss you so much."
"69029","34.805022","32.102142","First kiss with a girl"
"69045","35.008768","31.899809","met the most beautiful girl i've ever seen in my life in theatre class."
"68948","35.145998","31.800866","Came out to my friends for the first time here. Years have passed and contact was lost, but man, I miss them."
"69030","34.805022","32.102142","First kiss with a girl"
"69028","35.01324","31.897681","told my dad i'm going out with another girl, it was very casual and so was his reaction. eighth grade"
"69054","34.870208","32.076054","came out here to my mom"
"69056","34.879021","32.082398","came out here to my dad"
"69078","34.776249","32.075081","I was closeted when I went to my first pride. I was there with IGY, and even though I knew I would be accepted I was afraid to come out. At pride, there were so many people. When I came back a year later, I was with my parents. This year, I'll be there with my friends."
"69066","34.793145","32.073698","first kiss with a girl"
"30217","34.772997","32.073216","My first pride parade. 30 of my friends and I dying from heatstroke, singing out hearts out."
"30492","34.9063","32.177293","My first ever pride march for the first time ever got to walk around wearing rainbows first time ever feeling that safe and accepted"
"35365","35.210825","31.78618","A friend from the internet who lives and studies in Jerusalem hosted myself and my friend/partner as we were traveling through Israel and Palestine. We spent 3 days in her apartment hanging out with other LGBT people and leftists in general and having lots of weed, wine, and amazing conversation. She took us out almost every night and showed us the best parts of the city. Our last night in town, we ended up having a threesome. It felt like we were living in a magical little gay party bubble. We had barely known each other for a week even, but we already related to and trusted each other so much. We are all good friends now, and share our privately kept memories of the holy city."
"35692","34.915556","32.436092","Kissed my best friend here"
"36031","35.21239","31.784412","Was an a birthright trip here when I first kissed my now girlfriend. It was drunk and sloppy and started as a Juul pass, but it was beautiful and felt so right. I love you, OOT."
"36650","35.2153","31.77997","We matched on tinder and you invited me for tea. I ended up staying for 3 nights in a row. We talked about religion, sex, being circumcised, mental health, love and watching the same kids tv shows growing up event though we were from two very different countries. I left for Tel Aviv and you came after me. I still think about you everyday, I hope you're not mad at me."
"36766","35.199764","31.972162","A gay person exists here and annoys her roommates"
"36769","34.771318","32.068964","Visited my first gay bar after living in a homophobic country"
"30505","34.903446","32.178964","First gay pride march I went the safest I’ve ever felt I was covered in rainbows and grinning ear to ear"
"30661","34.811245","31.973979","here we talked for hours while you were working at the ice cream factory. it was a sweet summer love, and though nothing much came out of it, i'm glad it happened. it affirmed my gayness, and i think yours too."
"39509","34.865483","32.083513","I was in middle school and thought I was straight. Then I accidentally kissed a girl on the cheek. Yes, accidentally. In front of a teacher. And then I ran away in panic to contemplate the fact that maybe I’m not as straight as I though."
"34306","35.295928","32.609369","קומונה גאה של תנועת תרבות 
נמצאת פה. אל תהססו לגשת"
"72503","35.218774","31.756054","I was scared I’d be alone here but I found my place with lgbt and straight people who accepted me"
"72504","35.217829","31.639569","Got lost with my first girlfriend here"
"73789","35.214786","31.78005","We kissed here for the first time. You tasted like peach. I'm so glad for everything we had and also for where we are today."
"30542","35.764545","31.689586","I told my best friend that I was queer. I was crying and shaking, terrified that she'd push me away. But she held me close."
"72175","35.79316","31.71865","اول مره نمارس انا و زوجتي مع شخص من هاذ المدينه نحن من عمان"
"9108","35.223026","31.774002","After talking about brotherhood between Jews and Muslims, we had sex in park next to the King David Hotel. As soon as he came, he tried to rob me. But it seemed so half-hearted that I knew he was just trying to save face. I took his hand off my collar and walked away."
"75202","34.754495","32.053636","you are not alone. אוהבת אתכם מאוד
(ודברו עם ורד וליטל יא מפלצות אומנותיות בסיכון)"
"75204","34.313541","31.34405","Y'all are valid and loved, stay strong 3>"
"75208","34.887031","32.089199","we're here
we're queer 
we're filled with existential fear

(stay safe)"
"75594","35.214841","31.780019","We kissed here for the first time. We joked about who's supposed to make the first move and you tasted like peach. I'm so glad for everything we had."
"76669","35.543362","32.787228","Held hands with you for the first time here. I long to hold you and feel the comfort you bring again."
"76670","34.719597","31.694344","Held hands with you here as we lay in bed together. I miss our soft moments."
"171624","34.755769","32.053408","I'll never forget you."
"78138","34.791319","32.071452","I was on my way home after a long day and saw someone on the street with trans and pan pride pins on their backpack. Desperately wanted to find a subtle way to show pan solidarity but all i ended up doing was cross the street. It made my day"
"78387","34.767859","32.079979","I can't wait to come to Tel Aviv pride when I go to Israel for the first time. Being Jewish has helped me with understanding my queer identity. I love Eretz Yisrael."
"78443","34.467043","31.501787","The first boy I ever kissed lived here. His cousin found out and tried to stab me. I haven't been back since."
"78445","35.261428","32.222784","I had to leave after they found out"
"78691","35.013785","32.772343","I had my first kiss with a girl here"
"78692","34.97248","32.820015","I had my first queer crush here and realized I was bi"
"79423","34.791773","32.006011","My first kiss with my girlfriend"
"80079","34.775864","32.074275","Went to a bi/pan party on Bi Visibility Day 2019. Danced, drank and laughed with other queer friends."
"80959","34.80484","32.090798","אני אוהב אותך יותר מכל, הפרפר שלי"
"81400","35.231037","31.780857","a palestinian lesbian dreams of these streets often"
"82172","35.149724","31.764579","Joined the queer alliance in the campus. First time I got to talk to someone who is like me in real life."
"84128","35.140854","31.74746","On Shnat I asked my friends to use the pronouns that make me comfortable and happy. They did. Thank you."
"124100","34.905918","32.179434","Came out to my parents as Bi."
"124283","34.75049","32.049764","Im nonbinary lol"
"125626","35.188783","31.780722","You held my hand here, and for the first time I could feel you testing the boundaries of our friendship. A few months have gone by since then, and we don't talk about it openly, but I'm pretty sure we're dating now"
"423878","35.258249","31.857751","Stay safe y’all ❤️"
"126886","35.000739","32.289069","I came out as trans when I was 14 (Sept 1st 2016) at the first day of 9th grade. I am now 19 and It's definitely the best decision of my life. - FLEUR"
"126888","34.896998","32.263193","This is Me again (from sha'ar efraim) this is kinda the place where I came out publicly as trans to my classmates. I couldn't find the exact location of my highschool but it's close enough - FLEUR"
"127108","35.208371","31.758239","You were the first girl I dated. I miss you and I miss what our bodies would do together."
"127109","34.786262","32.089026","Where I first had sex with a girl."
"127548","35.115862","32.144013","finally accepted im bi after a girl in our base took me aside for a talk where she asked me if i was really bi, said she ""used to be bi herself"", pinned me to her bed while on top of me in a platonic way, and i got so flustered i couldnt stop thinking about it 2 years later. israeli girls are the devil"
"127545","34.989643","32.830796","We were just talking about types and attractiveness and stuff, and my friend casually talked about me being pan in a way that just showed she cared about me to remember and learn who I am, that she took the time to understand. Love you for that liraz ❤️"
"128584","34.838581","31.584543","i fell in love with her, here. she never knew."
"128748","35.404031","31.314972","her windy hair at sunset.. the first time I thought to myself ""maybe I'm queer"""
"129553","34.875823","32.190409","i hated this school but at least i met you."
"130002","34.87588","32.190284","this school sucks but at least I met you. I don't even care that you have a boyfriend, sometimes a one sided relationship is so strong its enough for both. I love you, but not in the way you think, not anymore. you forced me to grow up and I'll always be grateful."
"423998","34.744304","32.010176","free palestine 🇵🇸"
"132153","35.135131","31.642957","Came out to all my friends and have an amazing support system, except my parents who consider me a failure but one day I’ll move out"
"132433","35.175102","31.788999","Going to sem next year (2022). Really nervous because I will be forced into being Jewish, more than I want to be. I want to get a girlfriend here, my first one ever. Or at least have other queer people on Neve campus with me. 

Meet me; I always wear crocs and I like purple :)"
"132502","34.876082","32.190294","got into my first queer relationship around here and made some great lgbt friends.  thank you for being so supportive, everyone in middle school."
"134898","34.884214","32.153955","I miss you so much
I guess a part of me loved you as more then just a friend, i can see it now 
I wish you were already gone from my memory"
"132958","35.270182","32.173983","free palestine"
"135320","34.883414","31.545134","from the river to the sea - Palestine will be free ♥️"
"113934","35.286321","31.982028","FREE PALESTINE"
"116636","34.421446","31.480934","free palestine! sincerely, a gay jew 💕"
"121798","35.241869","31.77523","FREE PALESTINE <3"
"122694","35.201029","31.915134","free palestine"
"129694","35.374782","32.730217","Free Palestine"
"135939","34.31675","31.357892","I was here. I was queer. Free Palestine <3"
"141794","34.731386","31.75304","Free Palestine!
FUCK pink-washing"
"144471","34.313085","31.345759","Pls know despite what the media says there are gay Palestinians. We are here, we are queer. Free Palestine."
"47121","35.016775","31.887597","my shitty high school where i first discovered i was a lesbian. kinda homophobic so i was scared to come out"
"47124","35.017771","31.886318","where i first met her. she's my best friend but i kinda had a crush on her to be honest"
"47128","35.004303","31.909212","where my first IGY group would meet. you guys made me feel welcome. i love you dearly"
"155423","34.34585","31.425591","Hey gaza is full of LgBTq. We stan the lezbos"
"155412","34.34585","31.425591","Hi im fruity"
"156186","35.295588","32.00607","said “i love you” to her for the first time(free palestine)"
"156895","35.208712","31.913729","Came out to my best friend, in al istiqlal park , was a big mistake tbh , he outed me to the whole school… but still, i love you . I miss you , I forgive you .. wish things were different, i hope you r ok .. oh one last thing FREE PALESTINE ♥️"
"157853","35.244039","31.928609","I love you"
"157978","34.766169","32.07602","Summer of 2021, my first pride parade. One of the greatest things I got to experience."
"158062","35.245661","32.78249","The first girl that genuinely liked me and I liked back, but she had a girlfriend."
"158505","34.773483","32.07446","Got my heart broken..."
"48177","34.816189","32.072794","had a crush on you"
"45416","34.872453","32.101265","I accidentally kissed you on the cheek then ran away. That was my first clue that I might not be as straight as I thought."
"45418","34.992848","32.809874","My first IGY meeting didn’t happen here, their space just moved here, but it’s thanks to IGY that I realized I’m aromantic and asexual."
"177616","34.922139","32.047145","This is where I grew up, and I'm QUEER."
"180871","34.959569","31.823742","stanning the palestinian gays"
"185034","35.118377","31.783564","I had known that I was a lesbian for a while, but you definitely confirmed it with that kiss under the stars"
"182683","35.378043","31.892001","reminder that not supporting israel isnt anti-semitism, and a reminder that every palestine is being colonized by israeli settlers. free palestine."
"49769","35.207314","31.778128","Saw my first pride parade here while on holiday. I was seven and I thought the colours looks so fun"
"49879","34.767444","32.078281","Went to pride after the organizers for my Birthright trip fought to allow our group to go on behalf of me and the other couple queer kids there. Mishpacha"
"50296","35.220883","31.251082","I turn the cats queer."
"51325","34.92423","32.433422","Bby it ain’t no lie I’m bi bi bi"
"52220","35.068127","32.835884","My cousin and I came out to each other during our annual late night talks and I've never felt love and acceptance like it."
"52924","34.872","31.999417","came here on a birthright trip. Became instant friends with this girl who im still friends with 4 years later. she was the first girl i had real feeling for and made me realize i wasn't straight."
"53356","35.03466","32.114646","At the Ulpena on the bench in front of the far building, came out to a friend as bi...who subsequently came out as bi, too. We don't talk anymore but that was my first face-too-face coming out. I'll never forget it."
"53964","34.906126","32.176764","My first pride march
I have never felt safer and more camfortble in my own skin beafore first time covered in rainbows smiling ear to ear"
"54374","34.970436","32.590468","I met you here for the first time, those two weeks in the summer when we were both awkward tweens. It's been 3 years, I'm happy that we're together now"
"187927","34.751961","32.045234","My grandparents were born here before their exodus in 1948, so please don’t support the occupation because of their pink-washing. I deserved to live here just as they did, I deserved to be indigenous to my land and not a stranger everywhere I went. I miss a city I’ve never seen and it hurts. A gay Palestinian is indigenous to here and always will be."
"56642","35.214985","31.75465","I finally realised that there would be people in this world that I could fall in love with, that I could be happy with. That I could live a religious life and still love women in a way so many deem unholy. I knew you for ten days and still I think of you and your righteous eyes."
"56643","35.222355","31.777299","This is where I fell in love with you for the first time, you with your coiled hair and bright brown eyes. The smartest person I'll ever meet, and for a very long time, the girl I thought I was destined to love forever."
"191152","35.738525","31.70202","I fell in love here! With a guy he says he loves me I’m a fake account with fake pics it all started as a joke now I’m in love with him i wish i can tell him the truth why being gay is so hard? Why we can’t find a guy the truly loves us! They all just want sex what about love? What about being loved and taking care off!! All i want is a guy who will treat me like his little kid no one knows I’m gay I’m afraid to tell anyone I’m afraid to show my face it hurts me what I’m asking for is not hard all it needs is a man who will understand me who will understand my needs! I love mens and nothing to do about it I’ll just wait for the true love to come"
"194556","34.985111","32.805262","My uncle came out while my mother was pregnant with me. 17 years later I realised I was queer too."
"195257","34.48482","31.525465","I’ve always imagined you and me sitting out in the sun, hand and hand, free at last. We spoke of all the places we would go if we could. Yet you are gone now. If I had known that bombs raining down on us would take you from me, I would have gladly told the world how I adored you more than anything. I’m sorry I was a coward."
"196906","35.784203","32.002702","i finally came out to my mom
it did not go so bad 
you are loved"
"139958","35.242963","31.775776","I had my first gay kiss here as the sun set over the Dome of Rock in front of us. I, a Palestinian Muslim, and he, a British man, seemed to silently understand the irony of our kiss amidst the 3 of the holiest sites in the world."
"143705","35.207124","31.861063","had my first kiss with a boy here, and that same day i had my first kiss with a girl. now i live in the u.s with my girlfriend, feeling so lucky to be able to express my love to her everyday. queer muslims exist. queer palestinians exist."
"214793","35.063321","32.511439","My religious bestie finally came out to me after waiting for ages for her to realize she’s bi and accept it."
"72550","34.776543","32.083189","saw two women kissing on the bus for the first time (we were on the way to the pride parade)"
"72882","35.078651","32.841905","Around here is where I came out to my cousin right before sunrise. We were both drenched in tears, especially when they came out to me right afterwards. I'm so grateful to have them in my life"
"227947","34.881845","32.441554","My first kiss, which was already really bad, but then the (out of the closet gay) guy told me that he's not attracted to me and started having a sexuality crisis as I'm on his lap."
"245874","34.518725","31.046852","Free Palestine, today, tomorrow, and forever."
"246013","34.177699","31.198889","was on vacation here. we were calling each other back then, and it was during the sunrise. the view was too pretty, and it felt like she was right by my side, watching the sun and sky together. though it’s been 3 years, our relationship is already gone due to my homophobic parents who broke us apart. we have parted ways and of course we have moved on, but the thought of our relationship and this specific scene is still special to me. :)"
"291876","34.580748","31.956105","stay strong"
"293147","34.400675","31.448885","in solidarity with all my palestinian brothers and sisters, you are all loved. Free Palestine"
"306689","34.782338","32.111705","where i'd hope to go with you someday"
"316011","35.213935","31.890733","you made me get attached to you then left"
"318325","35.206075","31.831192","fell in love with my next door neighbor here, i wish one of us would have had the balls to ask to be actual girlfriends."
"327445","34.985678","32.81627","my gay awakening is somewhere here, i wish I WISH SHE was gay (straight women are kinda my type lol) it hurts cz i loved her more than anything and ig i will never be able to love anyone as much as i did love her but life moves on. i also hope to meet her someday cause we never did <3"
"336293","34.91805","32.43385","Been kicked out my house lmao"
"358208","34.934547","32.42906","Came out to my best friend here after school, and I'm so happy that she was the first person I told.
Although, I still dont have a girlfriend yet, but now I do know I have a friend for life <3"
"349575","35.284531","31.886395","Free Palestine❤️"
"349718","34.353605","31.335429","FREE PALESTINIAN"
"349710","34.811563","31.247633","For many years I loved you, you were my first love.. I told you several times that I loved you and I really meant it, you probably took it in the sense of a friends and not as I took it.
I was afraid of losing you so I never said it directly.
That one day on Summer was one of the best days I had,  If I only knew that it'll be our last day, if I only knew what you went through, that you tried to end everything, if I only knew that you'll disappear from my life and will change so much - I would tell you.
You never left my mind, I love you.
I'm glad to know that now you live happy with your family even if it's so far away and even if we don't talk anymore.."
"350185","35.033118","32.115184","My first crush"
"350233","34.871354","32.179733","Came out as bi to my parents here. They didn't say it was a phase, for which I am grateful"
"353628","35.194402","31.901771","They shot him, my heart burned, everyone consoled me for the loss of a friend, they did not know that I lost myself, that bullet killed both of us, they said that you are a martyr that you are in heaven, I will come to you, my love, wherever you are, heaven, hell, or nothingness .... I will come to you."
"353661","34.789165","32.086246","#freepalestine"
"376668","35.235427","31.777642","I can't believe we kissed here. everybody was looking but it didn't matter, we were in love."
"383868","34.772321","32.063214","You asked me if i liked girls (so casual) while we waited for our friends to arrive at the bar, in a time where i wasn't out to almost no one. 
Was one of my favorite moments with you, so easy and calm.
Love you forever girl."
"383893","34.810677","32.756569","No one here knows, i had one expercince with someone dear to me, never saw them again, hope they came to terms with who they are."
"383903","35.748348","32.056736","You are not alone, i love you be strong"
"383984","34.862149","32.291988","We had our first date here. I'm the happiest I've ever been, I love you so much ❤️ One day I'll be able to marry you here."
"77211","34.932686","32.570394","saw a movie here and realized that I'm bisexual"
"388469","35.235522","31.777068","FREE PALESTINE"
"391094","34.760375","31.854344","Being the first person to come out openly as trans/gay in my religious moshav, quite scary. 
You are all loved and valid."
"393306","35.590795","31.751548","We were drunk in the room alone and i asked him to kiss me, it was his first time making out with a guy, and i don’t think it meant a lot to him. We don’t talk anymore, we’re both busy with our own lives and we’re just heading towards different paths, i guess we just grew apart, i just hope he knows how much it meant to me."
"316028","35.218756","31.80044","made friends like me <3"
"82176","34.804491","31.250892","Laughing about Star Wars, being my himbo self and meeting you for the first time, I fell in love head over heels. I realised I was gay only several weeks before that, at age 30, and I was so happy I knew who I was. I'll probs never confess, but you are my pack and I love you, in more ways that I can count. I hope one day smth will happen, but even if not, its ok. I love you anyway, no matter what"
"167974","35.232682","31.787536","We had our first kiss here and it was the best first kiss I’ve ever had with anyone,  I love you"
"158292","34.878689","32.101933","Had in here my first sex with a girl,
It was fantastic"
"238213","35.001678","31.723019","from the river to the sea, we are queer and palestine will be free"
"393693","34.793902","31.254473","I love you but I’d rather have you as a friend than not at all"
"394025","34.990525","32.812148","Hooked up after a date in my commune."
"394026","34.995165","32.820426","My first date with a man."
"394029","34.947856","32.091132","Had my first time with a man here, I also had my first time with a woman here"
"394033","34.879722","32.045485","First time I had sex"
"343444","35.260127","31.972565","احببتك اكثر مما ينبغي"
"343273","34.990063","31.756031","Free Palestine."
"343246","35.721907","32.041813","I haven’t came out yet , because it feels like no one will understand you in this small place. But i hope i can leave this place ASAP and get to find the love of my life :/"
"343267","35.225248","31.90839","I love them, been together for almost a year now, I am back home for winter break and seeing how different I am from all of my friends, how all of them talk about their boyfriends and I cant share how much I love her hurts, they will judge me so hard, it will get to my parents and my life will be ruined. It sucks to sleep everyday thinking about the day I have to choose my partner over my parents. Its also harder to always have to ask myself if what I am doing is the right thing. The only think im sure of is that our love is so pure and it doesn't happen twice in life. Im just so lost"
"358667","34.903769","32.155261","had my first gay kiss here in her car"
"358669","34.779968","32.056463","First time sleeping with a women"
"358683","34.84798","32.053958","I love you, dump this boyfriend and kiss me already"
"358609","34.95119","32.094162","Am I alone?"
"358489","35.796364","31.94617","كويرز مروا من هنا 🏳️‍🌈💋"
"395102","35.469419","32.266436","Today all of my clasmates yelld at me wile i defended gay rights, after this i left the class and startd crying.
They dont know im a lesbian."
"395153","34.43005","31.5231","Here was our first date, we sat talked about our childhood , queer culture , food and bagpipes"
"377572","34.981564","32.81308","You dropped me off at the parade, at I thought you would go somewhere else while I stay there for a while. You ended up joining me, and spending your time with me instead. You told me how much you’re proud of me, no matter how I identify myself. I am so happy I have you as my mother. Thank you."
"368620","34.769819","31.916161","I finally accepted myself here."
"368301","34.818907","32.094463","I wish I had the courage to do something about it. To make the move. I know you expect me to. And I will. Hopefully soon before you move on….."
"394732","34.774762","32.085857","I confess my love to one of my best friends, she loved me too, that I for letting me feel like I’m belong dizengoff 🏳️‍🌈💜"
"387310","34.807563","31.266887","Daily reminder that cashews come froma fruit"
"388451","34.557251","31.676331","When I came out as a lesbian and posted it on Twitter, I had some homophobic arab men tag the IDF on my account and say I deserved to be bombed by them. Having grown up in London , I’ve also been told by some queer people that Palestinians deserve to be bombed because they are less accepting than Israelis on the lgbt people. Decided to pin this here because it’s the place I’m supposed to be in, not in a refugee camp."
"397410","35.182028","31.959153","sitting in an arabic literature class while my homophobic professor is hating on old homoerotic arabic poetry"
"397578","35.521646","32.786121","Every know and then I open on this website to re-read the Palestinian stories , and everytime I cry. I wish I was able to share a lgbtq experience I had in Tiberias but I cant because I'm a refugee. The only thing  I know about this place is what my grandparents went through in the 1948. Not love but misery. To any one reading this  please dont support settler colonialism please dont support our ethnic cleansing"
"397856","34.430132","31.529274","A place were I kissed my first crash. Being gay in Gaza is hard but somehow it was fun. I made out with a lot of boys in my neighborhood. I thought everyone is gay to some level."
"397971","35.168623","31.887609","Played with his hair"
"398027","35.08301","31.501089","How lucky are the people who see the person we want to see , I miss you... like alot."
"398568","34.767066","32.058016","First time visiting Israel/Palestine, I dated an ex airforce officer after we matched  on tinder. He was trying to impress me by telling me he targeted a residential building in Gaza. I'll never forget this date, it changed my whole perspective about the conflict"
"401148","34.860656","32.334342","My girlfriend's house, for a year her parents thought I was just a good friend and at first my parents didn't want her to stay with us. We have been together since we were 17, we are now 21. We went through hard times and joys together but I don't know what I would do without her, there is no person more fun to hug than her. Today both families know. be strong. It gets better."
"401169","34.907634","32.078093","I’m here. I’m queer, im a religious person, you are not alone. Stay strong, it’s get better, love youuuuu"
"401616","35.257509","31.764156","i remember our first kiss
it was heaven, you were heaven i still miss you everyday"
"94048","34.861575","32.054564","you are the greatest love ive ever had and known. i’m so proud of you for coming out to your mom. even though i’m not out yet and it’s not so certain if this will ever work out for us i’m happy we have each other. i love you my beautiful angel. you make me so so happy every day i see you. i love driving back at 4am from kiryat-ono just so i could be with you for a couple of hours. so worth it."
"94051","35.009243","31.884912","i’ve know i’m bi since 8th grade. being in a religious community while dealing with my sexuality can be rough. if anyone else from modiin feels the same way as i do. drop a pin down below :) just want to know i’m not alone."
"401766","35.160874","32.806145","Love will win here too. #lovewins"
"401767","35.166392","32.81467","Gay <3"
"401768","35.173567","32.799264","لازم نتقدم. عالم الميم مش لازم يكون عالم من حالو. منحب الكل، دوركو تحبونا"
"401762","35.171341","32.809568","We are arab. Some of us are queer ❤️"
"401764","35.175634","32.802879","بحبكو ❤️"
"401775","34.997076","32.822311","The best feelings when I see him ❤️"
"401763","35.168866","32.804198","The first time I held hands with a man ❤️"
"401765","35.167659","32.817009","بحقلنا نحب"
"401771","35.181725","32.806881","Hugs ❤️"
"401774","35.166006","32.810478","LGBTQIA🏳️‍🌈👬🌈"
"402282","35.213786","31.927189","I miss you Mohammad"
"402292","35.010333","32.8394","Recently I was having a trouble accepting myself as a queer and  Palestinian. I’ve always had people telling me to choose between being a queer or a Palestinian. I live abroad, One day while I was telling my grandparents expulsion story from haifa , a girl told me that if I want to constantly see pride flags flying in haifa it must remain under the Israeli control. She told me I had to abandon my right of the return because currently haifa is queer friendly. I cried because I’ve actually been told by arabs too that I have to choose between acting like ‘westerners’ ( being queer ) or a Palestinian , they don’t understand that’s it’s not something I choose it’s something I was born into. I get jealous when I see people that don’t deserve to live there enjoying their lives , having pride parades , while turning ours into hell . I get jealous and crazy while seeing foreigners fly to that stolen land and join pride parades their then comeback to speak how they had fun.but this actually made  me realize I can handle someone being homophobic to me but I can’t handle someone supporting settler colonialism"
"402325","35.683594","32.656204","We stood together here and you pointed forward saying ‘‘ here’s Palestine” then pointed left “And here is Syria”"
"402627","35.180221","32.085043","first person i came out to was my father. whenever i want speak to someone about my deep secrets  i come to the cemetery and speak to dad. I know if you were alive now I wouldn't have been able to tell you that im gay. but i dont have anybody else to speak to not even my close friends"
"402805","34.752025","32.045422","I will never support the occupation, I promise. 

Love from the UK"
"401534","34.376218","31.456177","الاشي الوحيد يلي مصبرني على العيشة بغزة هو البحر و انتي"
"403462","34.812668","32.173485","I’m gay and I’m Jewish💗"
"403465","34.812772","32.173584","Gay+Jewish 💗"
"403602","35.226338","32.006949","""There are 2 issues of our time, that amount to a litmus test for morality. What you're prepared to do for Palestinians and what you're prepared to for gay and lesbian peoples.""   -June Jordan❤️"
"403590","34.709772","31.921398","i despise colonizers specially the queer ones, my heart is full of hate"
"403591","35.723517","32.034534","i got bullied in this city alot but i managed to leave the country and start a new life"
"403546","34.883578","31.997435","I received messages at grindr from Israeli men wearing military uniform saying ‘ they will kill me’ with photos of D9-Z  machine guns with laughing faces just few hours after I landed at the airport. I had to delete the Palestinian flag next to my name to stop receiving these kinds of messages. This was my first time visiting the land my grandparents were kicked out of , using the privilege  of having a Canadian passport."
"403974","34.863713","32.190207","when I came out as bi to my parents I started crying, my mom laughed a bit and said 'you don't need to cry' and my dad just say 'we love you'."
"403986","35.207558","31.780513","rest in peace Shira Banki, a true ally."
"404012","35.196466","31.970056","i had a dream about you today, im sorry for lying.im sorry for all the things ive made you go through. you may never see this or you might see it but don't know that this about you. i love you"
"404203","34.752088","32.045312","I’m gay and Jewish I would never 💖"
"404221","35.77047","31.999768","Queer Arab people must have superpowers to be able to live in homophobic environments"
"404223","35.204742","31.96803","curly black hair with hazel eyes u make me nervous"
"404229","35.180891","31.959114","We kissed under a tree while someone was playing guitar and singing spacetoon songs"
"404218","34.751517","32.055089","During the Palestinian nakba, my grandparents were forced out of their land to Lebanon. Later on, my family immigrated to France during the Lebanese civil war. The only thing grandpa got from the house before fleeing was the key and a picture of him and grandma infront their house. He would always talk about jaffa oranges , his house and the Mediterranean sea. I grew up wanting to know how I am, where I’m originally from so in 2017 I decided to search from my grandparents original house in old Jaffa. Long story short, with the help of Palestinians living there we found the stairs that used to lead to my grandfather's house , we found the house . We found the lighted window which was once a kitchen window. As a queer Palestinian,  the only time I felt angry and broken about seeing a pride flag was when I saw it flying on grandparents house, on my stolen land."
"404388","35.74145","32.056662","You are not alone <3 
we are everywhere"
"405005","35.19119","31.959666","I still remember when you held my hand, I felt so shy at that time."
"408634","34.766336","32.07755","im in the protest from lgbt rights  they will never silence us"
"639018","35.19038","31.77671","You're not alone. Lesbian jew here. We always existed and it's ok to live authentically to who you know you are;))) sending love xoxo"
"354139","34.796468","32.158244","I proposed to my husband on the beach in Tel Aviv, as the sun set, surrounded by strangers who applauded us. We kissed and knew then that our future was together."
"638540","35.222928","31.759038","I went to seminary here. I didn't have a very good experience, but my classes were wonderful and I made great friends. If you're queer and in any seminary really- you're NOT alone. There are so many people who see you and love you."
"421122","34.798854","31.929184","didn’t love you the way i should have, and now i think about you every day. you found a girl and you’re happy, but i wish i was that girl with you.  out and happy."
"421666","34.909025","32.161518","confessed to my now gf here :)"
"639012","35.188737","31.780747","I sat here for hours speaking to you on the phone. Long distance was hard. I craved your touch for 2 years."
"418872","35.221262","32.227006","I wish I could have you"
"415269","35.175693","31.789081","Of course :)"
"103679","34.791598","32.074466","This was the spot where I met other queers for the first time in my life. It was 2001. I was barely out of the closet and scared my parents would never accept me. These people were my family for a long time. Some of them have since gone out of my life, but I still think fondly of them and hope they're doing OK, wherever they are <3"
"419464","35.124225","32.073258","🇵🇸"
"637823","35.009939","31.898866","Doing this out of spite. 
I'm well aware I'll NEVER come to terms with who I really am."
"103812","35.227818","31.652168","I came out to you and you asked me if it's ok for a young person to contact me in the future for advice on the matter. I didn't expect it, and I hope the young person is doing alright since they never contacted me."
"425923","34.795696","31.958709","Your old home was here. I have good memories with you from there (except for the time your brother caught us)"
"425912","34.878994","32.104941","I had my first kiss with the love of my life after a long night of being so intimate and close to her. I miss her"
"425914","34.890971","32.099995","We made love for the last time before you left. Our first kiss was in P.T and our last kiss was also there"
"425916","34.778031","32.087183","I fell in love with you again. Had the most amazing sex here"
"425918","34.801038","32.171563","You surprised me with the most amazing night here. We made love all night and then walked on the beach. I loved you so much that night I thought my heart would explode"
"105036","34.778971","32.072464","Came out to my mom here after we went together to a queer rights protest. We sat at a coffee shop next to three drug queens who were also protesting. I said there was something I needed to tell her, but was so nervous and couldn't get the words out of my mouth. She asked if something bad had happened to me, if somebody hurt me. When I finally told her I was bi she was so relieved nothing bad happened that she laughed."
"115098","35.223044","31.759163","I went to school here. I wasn't the first gay student and I won't be the last."
"663379","34.461441","31.522067","i will never lose hope in us no matter how long it takes we will be together soon"
"441484","34.796821","32.069037","I live in Israel. The political state is garbage. This country is burning before my eyes. I went to protests, I voted. People are fighting each other! People are violent with each other! Many rights are going to be taken! All because of that DAMN Bibi! He is in trial! He wants to be prime minister forever and tries to make up new rules that basically let him be prime minister while having allegations against him! People and politicians are supporting him. The sane people are trying to go against him. Nothing is ever going to change if he is still allowed to be a politician. Help"
"685501","34.520515","31.531383","Idk how long I will live so I just want this to be my memory here before I die. I am not going to leave my home, come what may. My biggest regret is not kissing this one guy. He died two days back. We had told how much we like each other and I was too shy to kiss last time. He died in the bombing. I think a big part of me died too. And soon I will be dead. To younus, i will kiss you in heaven."
"691421","35.215957","31.913428","free Palestine, my love was taken from me because of the occupation and borders. I will always love you joj"
"450325","35.013698","32.78137","You made me realise I'm not a girl. Then we went to buy me mens' deodorant at Superpharm."
"711895","34.384123","31.409864","keep fighting, dearest palestinian siblings. you will be free to live and love"
"695860","34.440384","31.467209","This is where I first fell for you. It was 2021, the last major Israeli bombardment on Gaza. You never knew you were the reason that I first listened to my favorite bands or watched Portrait of a Lady on Fire. everything comes back to you. now you are a student abroad and Israeli occupation bombs may take everyone and everything you ever loved away. Your mom, your home, your memories. I am so sorry the world failed you. that your mom, sister, best friends, everything is lost in this genocide."
"266532","34.4316","31.523222","I wish I could watch the sunset over Gaza sea with you. For one night I wish this occupation was no longer and that we could be free for once on our own land."
"442580","34.253161","31.293144","I’m from rafah and she’s from deir al balah, she got married later and i left gaza strip, to this day i think of you, to this day i wish to be back to sleep with you in the same bed, i want you to call for my name again, i wish if i can be with you again my heart. بحبك وبالرغم من الي صار دايما في بالي."
"442592","34.246121","31.303336","Realizing the feelings i had for you were more than adoration, realizing that wanting to see you everyday, to be with you and talk to you, for you to call me by my petname that you gave me, i miss you beyond words can describe, i wish if i had the courage to tell you but again i was scared, I didn’t want to cause you any trouble. Now both of us outside gaza strip, but much far a way from each other, بحبك وبخيالي انتي كمان بتحبيني."
"605584","34.451861","31.408331","A gay Palestinian man in Gaza in hated by people for being gay and hated by the Israelis for being Palestinian I am so lost and alone. It always felt like I would have to give up parts of my identity to exist and that I would never be excepted by anyone. But I know and I have realized THAT I HAVE TO STAY STRONG to fight for my rights not only as a gay person here but as a GAY PALESTINIAN PERSON I will choose parts of my identity I AHVE found peace within myself and now I have realized I have to be strong ❤️❤️ FREE PALESTINE 🇵🇸, LGBTQAI+ RIGHTS FOR EVERYONE EVERYWHERE 🏳️‍🌈🏳️‍⚧️!! BE STRONG EVERYONE DONT GIVE UP! ❤️"
"461035","35.256493","32.22414","we exchanged meaningful glances just in a very small, seemingly meaningless interaction but we recognized each other for who we really are and it felt so relieving to finally be truly seen, even tho it was just for a few seconds."
"461221","34.677209","32.003261","i was too scared of falling in love with u that i pushed u away i think we both needed some space to think know its for the better"
